<?xml version="1.0" encoding="UTF-8"?>
<project-private xmlns="http://www.netbeans.org/ns/project-private/1">
    <editor-bookmarks xmlns="http://www.netbeans.org/ns/editor-bookmarks/2" lastBookmarkId="0"/>
    <open-files xmlns="http://www.netbeans.org/ns/projectui-open-files/2">
        <group>
            <file>file:/F:/JDBC%20Practice/E-Vyavshaya/web/userLoginAndReg.jsp</file>
            <file>file:/F:/JDBC%20Practice/E-Vyavshaya/web/workerForm.jsp</file>
            <file>file:/F:/JDBC%20Practice/E-Vyavshaya/web/index.jsp</file>
            <file>file:/F:/JDBC%20Practice/E-Vyavshaya/src/java/com/clgProject/UserReg.java</file>
            <file>file:/F:/JDBC%20Practice/E-Vyavshaya/src/java/com/clgProject/WorkerForm.java</file>
        </group>
    </open-files>
</project-private>
